{"admin":{"username":"admin","password":"admin","first_name":"Jacob","last_name":"Wharrie","age":25,"gender":"m","height":178,"activity_level":"2","goal":"3","weight_history":{"2020-08-17":77},"cal_history":{"2020-08-17":null},"weight_today":77,"cal_today":0},"jwharrie":{"username":"jwharrie","password":"jj","first_name":"Jacob","last_name":"Wharrie","age":25,"gender":"m","height":178.5,"activity_level":"4","goal":"3","weight_history":{"2020-08-18":55},"cal_history":{"2020-08-18":66},"weight_today":55,"cal_today":66},"harry":{"username":"harry","password":"potter","first_name":"Ronald","last_name":"ronron","age":33,"gender":"m","height":166.666,"activity_level":"3","goal":"2","weight_history":{"2020-08-18":88},"cal_history":{"2020-08-18":1022.2},"weight_today":88,"cal_today":1022.2}}